,t_0_g,NPS_g
0,7.647154312469549e-07,183141.0
1,7.647154312469549e-07,183141.0
2,7.647154312469549e-07,183141.0
3,7.647154312469549e-07,183141.0
4,7.647154312469549e-07,183141.0
5,7.647154312469549e-07,183141.0
6,7.81162905031189e-07,185565.0
7,7.81162905031189e-07,185565.0
8,7.81162905031189e-07,185565.0
9,1.3886148805107038e-06,254970.0
10,1.3886148805107038e-06,254970.0
11,1.3886148805107038e-06,254970.0
12,1.3886148805107038e-06,254970.0
13,1.3886148805107038e-06,254970.0
14,1.3886148805107038e-06,254970.0
15,1.3886148805107038e-06,254970.0
16,1.3886148805107038e-06,254970.0
17,1.3886148805107038e-06,254970.0
18,1.601330073048557e-06,275072.0
19,1.601330073048557e-06,275072.0
20,1.601330073048557e-06,275072.0
21,1.8097091018714532e-06,311368.0
22,1.8097091018714532e-06,311368.0
23,1.8097091018714532e-06,311368.0
24,1.8202892201905903e-06,316487.0
25,1.8202892201905903e-06,316487.0
26,1.8202892201905903e-06,316487.0
27,1.8671383735758914e-06,340258.0
28,1.8671383735758914e-06,340258.0
29,1.8671383735758914e-06,340258.0
30,2.2560832908439845e-06,366861.0
31,2.2560832908439845e-06,366861.0
32,2.2560832908439845e-06,366861.0
33,2.2560832908439845e-06,366861.0
34,2.2560832908439845e-06,366861.0
35,2.2560832908439845e-06,366861.0
36,2.2560832908439845e-06,366861.0
37,2.2560832908439845e-06,366861.0
38,2.2560832908439845e-06,366861.0
39,2.958606214792834e-06,442785.0
40,2.958606214792834e-06,442785.0
41,2.958606214792834e-06,442785.0
42,2.958606214792834e-06,442785.0
43,2.958606214792834e-06,442785.0
44,2.958606214792834e-06,442785.0
45,2.958606214792834e-06,442785.0
46,2.958606214792834e-06,442785.0
47,2.958606214792834e-06,442785.0
48,3.2662076797727657e-06,489006.0
49,3.2662076797727657e-06,489006.0
50,3.2662076797727657e-06,489006.0
51,3.362537693310604e-06,501922.0
52,3.362537693310604e-06,501922.0
53,3.362537693310604e-06,501922.0
54,3.362537693310604e-06,501922.0
55,3.362537693310604e-06,501922.0
56,3.362537693310604e-06,501922.0
57,3.362537693310604e-06,501922.0
58,3.362537693310604e-06,501922.0
59,3.362537693310604e-06,501922.0
60,3.996466699009893e-06,588317.0
61,3.996466699009893e-06,588317.0
62,3.996466699009893e-06,588317.0
63,4.1493604658021034e-06,622283.0
64,4.1493604658021034e-06,622283.0
65,4.1493604658021034e-06,622283.0
66,4.1493604658021034e-06,622283.0
67,4.1493604658021034e-06,622283.0
68,4.1493604658021034e-06,622283.0
69,4.1493604658021034e-06,622283.0
70,4.1493604658021034e-06,622283.0
71,4.1493604658021034e-06,622283.0
72,4.1493604658021034e-06,622283.0
73,4.1493604658021034e-06,622283.0
74,4.1493604658021034e-06,622283.0
75,4.1493604658021034e-06,622283.0
76,4.1493604658021034e-06,622283.0
77,4.1493604658021034e-06,622283.0
78,4.16542912748369e-06,624011.0
79,4.16542912748369e-06,624011.0
80,4.16542912748369e-06,624011.0
81,4.16542912748369e-06,624011.0
82,4.16542912748369e-06,624011.0
83,4.16542912748369e-06,624011.0
84,4.448862305045936e-06,646855.0
85,4.448862305045936e-06,646855.0
86,4.448862305045936e-06,646855.0
87,5.0868355705071875e-06,751838.0
88,5.0868355705071875e-06,751838.0
89,5.0868355705071875e-06,751838.0
90,7.541790291353836e-06,1059623.0
91,7.541790291353836e-06,1059623.0
92,7.541790291353836e-06,1059623.0
93,7.852228692461243e-06,1109583.0
94,7.852228692461243e-06,1109583.0
95,7.852228692461243e-06,1109583.0
96,7.852228692461243e-06,1109583.0
97,7.852228692461243e-06,1109583.0
98,7.852228692461243e-06,1109583.0
99,7.852228692461243e-06,1109583.0
100,7.852228692461243e-06,1109583.0
101,7.852228692461243e-06,1109583.0
102,7.883049670790542e-06,1122159.0
103,7.883049670790542e-06,1122159.0
104,7.883049670790542e-06,1122159.0
105,7.883049670790542e-06,1122159.0
106,7.883049670790542e-06,1122159.0
107,7.883049670790542e-06,1122159.0
108,8.658851031326269e-06,1196542.0
109,8.658851031326269e-06,1196542.0
110,8.658851031326269e-06,1196542.0
111,8.658851031326269e-06,1196542.0
112,8.658851031326269e-06,1196542.0
113,8.658851031326269e-06,1196542.0
114,8.658851031326269e-06,1196542.0
115,8.658851031326269e-06,1196542.0
116,8.658851031326269e-06,1196542.0
117,9.366762759318292e-06,1297143.0
118,9.366762759318292e-06,1297143.0
119,9.366762759318292e-06,1297143.0
120,9.937745288010278e-06,1379397.0
121,9.937745288010278e-06,1379397.0
122,9.937745288010278e-06,1379397.0
123,1.0225302646065025e-05,1402269.0
124,1.0225302646065025e-05,1402269.0
125,1.0225302646065025e-05,1402269.0
126,1.0225302646065025e-05,1402269.0
127,1.0225302646065025e-05,1402269.0
128,1.0225302646065025e-05,1402269.0
129,1.1449127343800106e-05,1617456.0
130,1.1449127343800106e-05,1617456.0
131,1.1449127343800106e-05,1617456.0
132,1.1802232004438842e-05,1675900.0
133,1.1802232004438842e-05,1675900.0
134,1.1802232004438842e-05,1675900.0
135,1.1959048280776002e-05,1693356.0
136,1.1959048280776002e-05,1693356.0
137,1.1959048280776002e-05,1693356.0
138,1.3237743967973168e-05,1858903.0
139,1.3237743967973168e-05,1858903.0
140,1.3237743967973168e-05,1858903.0
141,1.352527855716509e-05,1877971.0
142,1.352527855716509e-05,1877971.0
143,1.352527855716509e-05,1877971.0
144,1.352527855716509e-05,1877971.0
145,1.352527855716509e-05,1877971.0
146,1.352527855716509e-05,1877971.0
147,1.352527855716509e-05,1877971.0
148,1.352527855716509e-05,1877971.0
149,1.352527855716509e-05,1877971.0
150,1.3659356653368986e-05,1901419.0
151,1.3659356653368986e-05,1901419.0
152,1.3659356653368986e-05,1901419.0
153,1.4092616064812152e-05,1954326.0
154,1.4092616064812152e-05,1954326.0
155,1.4092616064812152e-05,1954326.0
156,1.5521254847849203e-05,2180234.0
157,1.5521254847849203e-05,2180234.0
158,1.5521254847849203e-05,2180234.0
159,1.711074261312284e-05,2425094.0
160,1.711074261312284e-05,2425094.0
161,1.711074261312284e-05,2425094.0
162,1.7910704403266788e-05,2510845.0
163,1.7910704403266788e-05,2510845.0
164,1.7910704403266788e-05,2510845.0
165,1.853242015006135e-05,2582329.0
166,1.853242015006135e-05,2582329.0
167,1.853242015006135e-05,2582329.0
168,1.9041278560533994e-05,2650581.0
169,1.9041278560533994e-05,2650581.0
170,1.9041278560533994e-05,2650581.0
171,1.9041278560533994e-05,2650581.0
172,1.9041278560533994e-05,2650581.0
173,1.9041278560533994e-05,2650581.0
174,1.9320356098239462e-05,2713863.0
175,1.9320356098239462e-05,2713863.0
176,1.9320356098239462e-05,2713863.0
177,1.9320356098239462e-05,2713863.0
178,1.9320356098239462e-05,2713863.0
179,1.9320356098239462e-05,2713863.0
180,1.9561631973963427e-05,2778175.0
181,1.9561631973963427e-05,2778175.0
182,1.9561631973963427e-05,2778175.0
183,1.9561631973963427e-05,2778175.0
184,1.9561631973963427e-05,2778175.0
185,1.9561631973963427e-05,2778175.0
186,1.9585740784443796e-05,2783212.0
187,1.9585740784443796e-05,2783212.0
188,1.9585740784443796e-05,2783212.0
189,1.9585740784443796e-05,2783212.0
190,1.9585740784443796e-05,2783212.0
191,1.9585740784443796e-05,2783212.0
192,1.9917919268354207e-05,2878379.0
193,1.9917919268354207e-05,2878379.0
194,1.9917919268354207e-05,2878379.0
195,2.074109030184049e-05,3010304.0
196,2.074109030184049e-05,3010304.0
197,2.074109030184049e-05,3010304.0
198,2.074109030184049e-05,3010304.0
199,2.074109030184049e-05,3010304.0
200,2.074109030184049e-05,3010304.0
201,2.074109030184049e-05,3010304.0
202,2.074109030184049e-05,3010304.0
203,2.074109030184049e-05,3010304.0
204,2.0828801745679054e-05,3017691.0
205,2.0828801745679054e-05,3017691.0
206,2.0828801745679054e-05,3017691.0
207,2.1629869921500597e-05,3074939.0
208,2.1629869921500597e-05,3074939.0
209,2.1629869921500597e-05,3074939.0
210,2.17594722005559e-05,3118257.0
211,2.17594722005559e-05,3118257.0
212,2.17594722005559e-05,3118257.0
213,2.17594722005559e-05,3118257.0
214,2.17594722005559e-05,3118257.0
215,2.17594722005559e-05,3118257.0
216,2.2431482933977916e-05,3239881.0
217,2.2431482933977916e-05,3239881.0
218,2.2431482933977916e-05,3239881.0
219,2.2431482933977916e-05,3239881.0
220,2.2431482933977916e-05,3239881.0
221,2.2431482933977916e-05,3239881.0
222,2.2431482933977916e-05,3239881.0
223,2.2431482933977916e-05,3239881.0
224,2.2431482933977916e-05,3239881.0
225,2.249860866276485e-05,3252118.0
226,2.249860866276485e-05,3252118.0
227,2.249860866276485e-05,3252118.0
228,2.249860866276485e-05,3252118.0
229,2.249860866276485e-05,3252118.0
230,2.249860866276485e-05,3252118.0
231,2.3026669881780823e-05,3295664.0
232,2.3026669881780823e-05,3295664.0
233,2.3026669881780823e-05,3295664.0
234,2.3301054659470397e-05,3354192.0
235,2.3301054659470397e-05,3354192.0
236,2.3301054659470397e-05,3354192.0
237,2.3301054659470397e-05,3354192.0
238,2.3301054659470397e-05,3354192.0
239,2.3301054659470397e-05,3354192.0
240,2.3377961117768207e-05,3357876.0
241,2.3377961117768207e-05,3357876.0
242,2.3377961117768207e-05,3357876.0
243,2.3444671878078938e-05,3367514.0
244,2.3444671878078938e-05,3367514.0
245,2.3444671878078938e-05,3367514.0
246,2.579847591717897e-05,3630250.0
247,2.579847591717897e-05,3630250.0
248,2.579847591717897e-05,3630250.0
249,2.579847591717897e-05,3630250.0
250,2.579847591717897e-05,3630250.0
251,2.579847591717897e-05,3630250.0
252,2.7191250315704458e-05,3780199.0
253,2.7191250315704458e-05,3780199.0
254,2.7191250315704458e-05,3780199.0
255,2.7191250315704458e-05,3780199.0
256,2.7191250315704458e-05,3780199.0
257,2.7191250315704458e-05,3780199.0
258,2.7191250315704458e-05,3780199.0
259,2.7191250315704458e-05,3780199.0
260,2.7191250315704458e-05,3780199.0
261,2.7191250315704458e-05,3780199.0
262,2.7191250315704458e-05,3780199.0
263,2.7191250315704458e-05,3780199.0
264,2.7269255216737524e-05,3789589.0
265,2.7269255216737524e-05,3789589.0
266,2.7269255216737524e-05,3789589.0
267,2.7591584409237922e-05,3819824.0
268,2.7591584409237922e-05,3819824.0
269,2.7591584409237922e-05,3819824.0
270,2.767418251265529e-05,3824672.0
271,2.767418251265529e-05,3824672.0
272,2.767418251265529e-05,3824672.0
273,2.78135725730189e-05,3844078.0
274,2.78135725730189e-05,3844078.0
275,2.78135725730189e-05,3844078.0
276,2.8052174230762954e-05,3866561.0
277,2.8052174230762954e-05,3866561.0
278,2.8052174230762954e-05,3866561.0
279,2.807890043558594e-05,3872946.0
280,2.807890043558594e-05,3872946.0
281,2.807890043558594e-05,3872946.0
282,2.8404064202472384e-05,3918329.0
283,2.8404064202472384e-05,3918329.0
284,2.8404064202472384e-05,3918329.0
285,2.857157717907079e-05,3939984.0
286,2.857157717907079e-05,3939984.0
287,2.857157717907079e-05,3939984.0
288,2.9043029095458772e-05,3989279.0
289,2.9043029095458772e-05,3989279.0
290,2.9043029095458772e-05,3989279.0
291,2.9203337662668806e-05,3999671.0
292,2.9203337662668806e-05,3999671.0
293,2.9203337662668806e-05,3999671.0
294,3.095007716052596e-05,4160036.0
295,3.095007716052596e-05,4160036.0
296,3.095007716052596e-05,4160036.0
297,3.1483189218932484e-05,4252436.0
298,3.1483189218932484e-05,4252436.0
299,3.1483189218932484e-05,4252436.0
300,3.178064810086145e-05,4298898.0
301,3.178064810086145e-05,4298898.0
302,3.178064810086145e-05,4298898.0
303,3.258734767460601e-05,4418912.0
304,3.258734767460601e-05,4418912.0
305,3.258734767460601e-05,4418912.0
306,3.3057934820952275e-05,4460217.0
307,3.3057934820952275e-05,4460217.0
308,3.3057934820952275e-05,4460217.0
309,3.3057934820952275e-05,4460217.0
310,3.3057934820952275e-05,4460217.0
311,3.3057934820952275e-05,4460217.0
312,3.3057934820952275e-05,4460217.0
313,3.3057934820952275e-05,4460217.0
314,3.3057934820952275e-05,4460217.0
315,3.318681035724567e-05,4466384.0
316,3.318681035724567e-05,4466384.0
317,3.318681035724567e-05,4466384.0
318,3.318681035724567e-05,4466384.0
319,3.318681035724567e-05,4466384.0
320,3.318681035724567e-05,4466384.0
321,3.3536878762253495e-05,4541077.0
322,3.3536878762253495e-05,4541077.0
323,3.3536878762253495e-05,4541077.0
324,3.407860753335862e-05,4640563.0
325,3.407860753335862e-05,4640563.0
326,3.407860753335862e-05,4640563.0
327,3.4579427115133465e-05,4673422.0
328,3.4579427115133465e-05,4673422.0
329,3.4579427115133465e-05,4673422.0
330,3.4579427115133465e-05,4673422.0
331,3.4579427115133465e-05,4673422.0
332,3.4579427115133465e-05,4673422.0
333,3.526221875670311e-05,4789827.0
334,3.526221875670311e-05,4789827.0
335,3.526221875670311e-05,4789827.0
336,3.526221875670311e-05,4789827.0
337,3.526221875670311e-05,4789827.0
338,3.526221875670311e-05,4789827.0
339,3.526221875670311e-05,4789827.0
340,3.526221875670311e-05,4789827.0
341,3.526221875670311e-05,4789827.0
342,3.574459890652369e-05,4895247.0
343,3.574459890652369e-05,4895247.0
344,3.574459890652369e-05,4895247.0
345,3.6624725141730686e-05,5017380.0
346,3.6624725141730686e-05,5017380.0
347,3.6624725141730686e-05,5017380.0
348,3.6624725141730686e-05,5017380.0
349,3.6624725141730686e-05,5017380.0
350,3.6624725141730686e-05,5017380.0
351,3.691804899505604e-05,5065574.0
352,3.691804899505604e-05,5065574.0
353,3.691804899505604e-05,5065574.0
354,3.700963535741131e-05,5080682.0
355,3.700963535741131e-05,5080682.0
356,3.700963535741131e-05,5080682.0
357,3.742836008559478e-05,5125351.0
358,3.742836008559478e-05,5125351.0
359,3.742836008559478e-05,5125351.0
360,3.797714501786348e-05,5178320.0
361,3.797714501786348e-05,5178320.0
362,3.797714501786348e-05,5178320.0
363,3.805389910063944e-05,5191742.0
364,3.805389910063944e-05,5191742.0
365,3.805389910063944e-05,5191742.0
366,3.873878215122315e-05,5290344.0
367,3.873878215122315e-05,5290344.0
368,3.873878215122315e-05,5290344.0
369,3.900776012762888e-05,5336103.0
370,3.900776012762888e-05,5336103.0
371,3.900776012762888e-05,5336103.0
372,4.018130695610847e-05,5497546.0
373,4.018130695610847e-05,5497546.0
374,4.018130695610847e-05,5497546.0
375,4.059797848282395e-05,5553689.0
376,4.059797848282395e-05,5553689.0
377,4.059797848282395e-05,5553689.0
378,4.074692648163462e-05,5562056.0
379,4.074692648163462e-05,5562056.0
380,4.074692648163462e-05,5562056.0
381,4.1118029854116434e-05,5608106.0
382,4.1118029854116434e-05,5608106.0
383,4.1118029854116434e-05,5608106.0
384,4.1381416411729414e-05,5666530.0
385,4.1381416411729414e-05,5666530.0
386,4.1381416411729414e-05,5666530.0
387,4.1381416411729414e-05,5666530.0
388,4.1381416411729414e-05,5666530.0
389,4.1381416411729414e-05,5666530.0
390,4.2121952974222354e-05,5768699.0
391,4.2121952974222354e-05,5768699.0
392,4.2121952974222354e-05,5768699.0
393,4.228544078213089e-05,5787869.0
394,4.228544078213089e-05,5787869.0
395,4.228544078213089e-05,5787869.0
396,4.271165408926761e-05,5815267.0
397,4.271165408926761e-05,5815267.0
398,4.271165408926761e-05,5815267.0
399,4.290818600862678e-05,5834028.0
400,4.290818600862678e-05,5834028.0
401,4.290818600862678e-05,5834028.0
402,4.4026679802681285e-05,5982032.0
403,4.4026679802681285e-05,5982032.0
404,4.4026679802681285e-05,5982032.0
405,4.580263086374828e-05,6210999.0
406,4.580263086374828e-05,6210999.0
407,4.580263086374828e-05,6210999.0
408,4.604504220733855e-05,6224196.0
409,4.604504220733855e-05,6224196.0
410,4.604504220733855e-05,6224196.0
411,4.604504220733855e-05,6224196.0
412,4.604504220733855e-05,6224196.0
413,4.604504220733855e-05,6224196.0
414,4.604504220733855e-05,6224196.0
415,4.604504220733855e-05,6224196.0
416,4.604504220733855e-05,6224196.0
417,4.627494427358791e-05,6260436.0
418,4.627494427358791e-05,6260436.0
419,4.627494427358791e-05,6260436.0
420,4.632050173880742e-05,6261249.0
421,4.632050173880742e-05,6261249.0
422,4.632050173880742e-05,6261249.0
423,4.632050173880742e-05,6261249.0
424,4.632050173880742e-05,6261249.0
425,4.632050173880742e-05,6261249.0
426,4.632050173880742e-05,6261249.0
427,4.632050173880742e-05,6261249.0
428,4.632050173880742e-05,6261249.0
429,4.632050173880742e-05,6261249.0
430,4.632050173880742e-05,6261249.0
431,4.632050173880742e-05,6261249.0
432,4.632050173880742e-05,6261249.0
433,4.632050173880742e-05,6261249.0
434,4.632050173880742e-05,6261249.0
435,4.696652144093642e-05,6357770.0
436,4.696652144093642e-05,6357770.0
437,4.696652144093642e-05,6357770.0
438,4.7025150221279316e-05,6370976.0
439,4.7025150221279316e-05,6370976.0
440,4.7025150221279316e-05,6370976.0
441,4.7025150221279316e-05,6370976.0
442,4.7025150221279316e-05,6370976.0
443,4.7025150221279316e-05,6370976.0
444,4.7025150221279316e-05,6370976.0
445,4.7025150221279316e-05,6370976.0
446,4.7025150221279316e-05,6370976.0
447,4.713220962819382e-05,6390271.0
448,4.713220962819382e-05,6390271.0
449,4.713220962819382e-05,6390271.0
450,4.73518628265355e-05,6403994.0
451,4.73518628265355e-05,6403994.0
452,4.73518628265355e-05,6403994.0
453,4.73518628265355e-05,6403994.0
454,4.73518628265355e-05,6403994.0
455,4.73518628265355e-05,6403994.0
456,4.73518628265355e-05,6403994.0
457,4.73518628265355e-05,6403994.0
458,4.73518628265355e-05,6403994.0
459,4.809406508035503e-05,6470728.0
460,4.809406508035503e-05,6470728.0
461,4.809406508035503e-05,6470728.0
462,4.810815094531069e-05,6471813.0
463,4.810815094531069e-05,6471813.0
464,4.810815094531069e-05,6471813.0
465,4.810815094531069e-05,6471813.0
466,4.810815094531069e-05,6471813.0
467,4.810815094531069e-05,6471813.0
468,4.901150807017957e-05,6569449.0
469,4.901150807017957e-05,6569449.0
470,4.901150807017957e-05,6569449.0
471,4.904232904850887e-05,6578693.0
472,4.904232904850887e-05,6578693.0
473,4.904232904850887e-05,6578693.0
474,4.904232904850887e-05,6578693.0
475,4.904232904850887e-05,6578693.0
476,4.904232904850887e-05,6578693.0
477,4.9514442291013256e-05,6655908.0
478,4.9514442291013256e-05,6655908.0
479,4.9514442291013256e-05,6655908.0
480,4.9710038458317324e-05,6675806.0
481,4.9710038458317324e-05,6675806.0
482,4.9710038458317324e-05,6675806.0
483,4.9795229697421565e-05,6705736.0
484,4.980351240342683e-05,6712258.0
485,4.980351240342683e-05,6712258.0
486,4.980351240342683e-05,6712258.0
487,5.061513019125651e-05,6822644.0
488,5.061513019125651e-05,6822644.0
489,5.061513019125651e-05,6822644.0
490,5.061513019125651e-05,6822644.0
491,5.061513019125651e-05,6822644.0
492,5.061513019125651e-05,6822644.0
493,5.061513019125651e-05,6822644.0
494,5.061513019125651e-05,6822644.0
495,5.061513019125651e-05,6822644.0
496,5.061513019125651e-05,6822644.0
497,5.061513019125651e-05,6822644.0
498,5.061513019125651e-05,6822644.0
499,5.061513019125651e-05,6822644.0
500,5.061513019125651e-05,6822644.0
501,5.061513019125651e-05,6822644.0
502,5.061513019125651e-05,6822644.0
503,5.061513019125651e-05,6822644.0
504,5.061513019125651e-05,6822644.0
505,5.13817500822821e-05,6885670.0
506,5.13817500822821e-05,6885670.0
507,5.13817500822821e-05,6885670.0
508,5.2645652830590396e-05,7038742.0
509,5.2645652830590396e-05,7038742.0
510,5.2645652830590396e-05,7038742.0
511,5.372581550203778e-05,7179934.0
512,5.372581550203778e-05,7179934.0
513,5.372581550203778e-05,7179934.0
514,5.373782831831594e-05,7181679.0
515,5.373782831831594e-05,7181679.0
516,5.373782831831594e-05,7181679.0
517,5.4111938295173476e-05,7233702.0
518,5.4111938295173476e-05,7233702.0
519,5.4111938295173476e-05,7233702.0
520,5.533081390970912e-05,7378339.0
521,5.533081390970912e-05,7378339.0
522,5.533081390970912e-05,7378339.0
523,5.6760453426453975e-05,7556260.0
524,5.6760453426453975e-05,7556260.0
525,5.6760453426453975e-05,7556260.0
526,5.6760453426453975e-05,7556260.0
527,5.6760453426453975e-05,7556260.0
528,5.6760453426453975e-05,7556260.0
529,5.758843256942859e-05,7687362.0
530,5.758843256942859e-05,7687362.0
531,5.758843256942859e-05,7687362.0
532,5.7671910814185674e-05,7712418.0
533,5.7671910814185674e-05,7712418.0
534,5.7671910814185674e-05,7712418.0
535,5.928592157309563e-05,7943018.0
536,5.928592157309563e-05,7943018.0
537,5.928592157309563e-05,7943018.0
538,5.928592157309563e-05,7943018.0
539,5.928592157309563e-05,7943018.0
540,5.928592157309563e-05,7943018.0
541,6.007080540305991e-05,8053732.0
542,6.007080540305991e-05,8053732.0
543,6.007080540305991e-05,8053732.0
544,6.007080540305991e-05,8053732.0
545,6.007080540305991e-05,8053732.0
546,6.007080540305991e-05,8053732.0
547,6.108565837806493e-05,8214095.0
548,6.108565837806493e-05,8214095.0
549,6.108565837806493e-05,8214095.0
550,6.137909513901083e-05,8265781.0
551,6.137909513901083e-05,8265781.0
552,6.137909513901083e-05,8265781.0
553,6.139732176453323e-05,8273502.0
554,6.139732176453323e-05,8273502.0
555,6.139732176453323e-05,8273502.0
556,6.155502204645837e-05,8293307.0
557,6.155502204645837e-05,8293307.0
558,6.155502204645837e-05,8293307.0
559,6.207182708320887e-05,8334149.0
560,6.207182708320887e-05,8334149.0
561,6.207182708320887e-05,8334149.0
562,6.307777218911145e-05,8509988.0
563,6.307777218911145e-05,8509988.0
564,6.307777218911145e-05,8509988.0
565,6.307777218911145e-05,8509988.0
566,6.307777218911145e-05,8509988.0
567,6.307777218911145e-05,8509988.0
568,6.315856553326747e-05,8510685.0
569,6.315856553326747e-05,8510685.0
570,6.315856553326747e-05,8510685.0
571,6.315856553326747e-05,8510685.0
572,6.315856553326747e-05,8510685.0
573,6.315856553326747e-05,8510685.0
574,6.315856553326747e-05,8510685.0
575,6.315856553326747e-05,8510685.0
576,6.315856553326747e-05,8510685.0
577,6.315856553326747e-05,8510685.0
578,6.315856553326747e-05,8510685.0
579,6.315856553326747e-05,8510685.0
580,6.315856553326747e-05,8510685.0
581,6.315856553326747e-05,8510685.0
582,6.315856553326747e-05,8510685.0
583,6.38461442479566e-05,8600955.0
584,6.38461442479566e-05,8600955.0
585,6.38461442479566e-05,8600955.0
586,6.397893779493774e-05,8614110.0
587,6.397893779493774e-05,8614110.0
588,6.397893779493774e-05,8614110.0
589,6.397893779493774e-05,8614110.0
590,6.397893779493774e-05,8614110.0
591,6.397893779493774e-05,8614110.0
592,6.406081581989504e-05,8619918.0
593,6.406081581989504e-05,8619918.0
594,6.406081581989504e-05,8619918.0
595,6.406081581989504e-05,8619918.0
596,6.406081581989504e-05,8619918.0
597,6.406081581989504e-05,8619918.0
598,6.427405306415366e-05,8635086.0
599,6.427405306415366e-05,8635086.0
600,6.427405306415366e-05,8635086.0
601,6.456224850363528e-05,8648922.0
602,6.456224850363528e-05,8648922.0
603,6.456224850363528e-05,8648922.0
604,6.506371847691995e-05,8704815.0
605,6.506371847691995e-05,8704815.0
606,6.506371847691995e-05,8704815.0
607,6.506371847691995e-05,8704815.0
608,6.506371847691995e-05,8704815.0
609,6.506371847691995e-05,8704815.0
610,6.651463611061743e-05,8902515.0
611,6.651463611061743e-05,8902515.0
612,6.651463611061743e-05,8902515.0
613,6.689097816923961e-05,8957359.0
614,6.689097816923961e-05,8957359.0
615,6.689097816923961e-05,8957359.0
616,6.704462178521224e-05,8974242.0
617,6.704462178521224e-05,8974242.0
618,6.704462178521224e-05,8974242.0
619,6.817207036696227e-05,9117678.0
620,6.817207036696227e-05,9117678.0
621,6.817207036696227e-05,9117678.0
622,6.817207036696227e-05,9117678.0
623,6.817207036696227e-05,9117678.0
624,6.817207036696227e-05,9117678.0
625,6.835768980215026e-05,9166748.0
626,6.835768980215026e-05,9166748.0
627,6.835768980215026e-05,9166748.0
628,6.835768980215026e-05,9166748.0
629,6.893425345044824e-05,9234723.0
630,6.893425345044824e-05,9234723.0
631,6.893425345044824e-05,9234723.0
632,6.897981091566775e-05,9234997.0
633,6.897981091566775e-05,9234997.0
634,6.897981091566775e-05,9234997.0
635,6.897981091566775e-05,9234997.0
636,6.897981091566775e-05,9234997.0
637,6.897981091566775e-05,9234997.0
638,6.921785627969915e-05,9281187.0
639,6.921785627969915e-05,9281187.0
640,6.921785627969915e-05,9281187.0
641,6.990333610898447e-05,9370000.0
642,6.990333610898447e-05,9370000.0
643,6.990333610898447e-05,9370000.0
644,7.012303065050384e-05,9399597.0
645,7.012303065050384e-05,9399597.0
646,7.012303065050384e-05,9399597.0
647,7.012303065050384e-05,9399597.0
648,7.012303065050384e-05,9399597.0
649,7.012303065050384e-05,9399597.0
650,7.076156814750237e-05,9484571.0
651,7.076156814750237e-05,9484571.0
652,7.076156814750237e-05,9484571.0
653,7.076156814750237e-05,9484571.0
654,7.076156814750237e-05,9484571.0
655,7.076156814750237e-05,9484571.0
656,7.076156814750237e-05,9484571.0
657,7.076156814750237e-05,9484571.0
658,7.076156814750237e-05,9484571.0
659,7.178890224005148e-05,9645877.0
660,7.178890224005148e-05,9645877.0
661,7.178890224005148e-05,9645877.0
662,7.178890224005148e-05,9645877.0
663,7.178890224005148e-05,9645877.0
664,7.178890224005148e-05,9645877.0
665,7.179800942634548e-05,9657052.0
666,7.179800942634548e-05,9657052.0
667,7.179800942634548e-05,9657052.0
668,7.1819297883093e-05,9657990.0
669,7.1819297883093e-05,9657990.0
670,7.1819297883093e-05,9657990.0
671,7.23382057928018e-05,9698744.0
672,7.23382057928018e-05,9698744.0
673,7.23382057928018e-05,9698744.0
674,7.23382057928018e-05,9698744.0
675,7.23382057928018e-05,9698744.0
676,7.23382057928018e-05,9698744.0
677,7.239431553466175e-05,9701780.0
678,7.239431553466175e-05,9701780.0
679,7.239431553466175e-05,9701780.0
680,7.239431553466175e-05,9701780.0
681,7.239431553466175e-05,9701780.0
682,7.239431553466175e-05,9701780.0
683,7.273731353872301e-05,9745929.0
684,7.273731353872301e-05,9745929.0
685,7.273731353872301e-05,9745929.0
686,7.336119123700876e-05,9838220.0
687,7.336119123700876e-05,9838220.0
688,7.336119123700876e-05,9838220.0
689,7.359693611954472e-05,9891603.0
690,7.359693611954472e-05,9891603.0
691,7.359693611954472e-05,9891603.0
692,7.384291889752455e-05,9914519.0
693,7.384291889752455e-05,9914519.0
694,7.384291889752455e-05,9914519.0
695,7.542643038346227e-05,10093710.0
696,7.542643038346227e-05,10093710.0
697,7.542643038346227e-05,10093710.0
698,7.542643038346227e-05,10093710.0
699,7.542643038346227e-05,10093710.0
700,7.542643038346227e-05,10093710.0
701,7.542643038346227e-05,10093710.0
702,7.542643038346227e-05,10093710.0
703,7.542643038346227e-05,10093710.0
704,7.658321770049735e-05,10226826.0
705,7.658321770049735e-05,10226826.0
706,7.658321770049735e-05,10226826.0
707,7.691569780697205e-05,10292940.0
708,7.691569780697205e-05,10292940.0
709,7.691569780697205e-05,10292940.0
710,7.691569780697205e-05,10292940.0
711,7.691569780697205e-05,10292940.0
712,7.691569780697205e-05,10292940.0
713,7.698131780061178e-05,10322207.0
714,7.698131780061178e-05,10322207.0
715,7.698131780061178e-05,10322207.0
716,7.712551848548228e-05,10332801.0
717,7.712551848548228e-05,10332801.0
718,7.712551848548228e-05,10332801.0
719,7.712551848548228e-05,10332801.0
720,7.712551848548228e-05,10332801.0
721,7.712551848548228e-05,10332801.0
722,7.717023623062677e-05,10338726.0
723,7.717023623062677e-05,10338726.0
724,7.717023623062677e-05,10338726.0
725,7.810566097731395e-05,10519810.0
726,7.810566097731395e-05,10519810.0
727,7.810566097731395e-05,10519810.0
728,7.88940272295214e-05,10632597.0
729,7.88940272295214e-05,10632597.0
730,7.88940272295214e-05,10632597.0
731,7.942122773783096e-05,10683663.0
732,7.942122773783096e-05,10683663.0
733,7.942122773783096e-05,10683663.0
734,7.949305866642416e-05,10710223.0
735,7.949305866642416e-05,10710223.0
736,7.949305866642416e-05,10710223.0
737,7.949305866642416e-05,10710223.0
738,7.949305866642416e-05,10710223.0
739,7.949305866642416e-05,10710223.0
740,8.03408000912656e-05,10826104.0
741,8.03408000912656e-05,10826104.0
742,8.03408000912656e-05,10826104.0
743,8.083886310346323e-05,10905480.0
744,8.083886310346323e-05,10905480.0
745,8.083886310346323e-05,10905480.0
746,8.083886310346323e-05,10905480.0
747,8.083886310346323e-05,10905480.0
748,8.083886310346323e-05,10905480.0
749,8.127420869596967e-05,10959981.0
750,8.127420869596967e-05,10959981.0
751,8.127420869596967e-05,10959981.0
752,8.239491552984743e-05,11086302.0
753,8.239491552984743e-05,11086302.0
754,8.239491552984743e-05,11086302.0
755,8.239491552984743e-05,11086302.0
756,8.239491552984743e-05,11086302.0
757,8.239491552984743e-05,11086302.0
758,8.239491552984743e-05,11086302.0
759,8.239491552984743e-05,11086302.0
760,8.239491552984743e-05,11086302.0
761,8.257994351588742e-05,11108777.0
762,8.257994351588742e-05,11108777.0
763,8.257994351588742e-05,11108777.0
764,8.330625271986548e-05,11177039.0
765,8.330625271986548e-05,11177039.0
766,8.330625271986548e-05,11177039.0
767,8.478993102224399e-05,11364170.0
768,8.478993102224399e-05,11364170.0
769,8.478993102224399e-05,11364170.0
770,8.478993102224399e-05,11364170.0
771,8.478993102224399e-05,11364170.0
772,8.478993102224399e-05,11364170.0
773,8.478993102224399e-05,11364170.0
774,8.478993102224399e-05,11364170.0
775,8.478993102224399e-05,11364170.0
776,8.489698855572931e-05,11373514.0
777,8.489698855572931e-05,11373514.0
778,8.489698855572931e-05,11373514.0
779,8.607826002941743e-05,11523849.0
780,8.607826002941743e-05,11523849.0
781,8.607826002941743e-05,11523849.0
782,8.671057537324026e-05,11571108.0
783,8.671057537324026e-05,11571108.0
784,8.671057537324026e-05,11571108.0
